Workbook
Name DeathBenefit: Assumptions!$B$4
Name InterestRate: Assumptions!$B$5
Name IssueAge: Assumptions!$B$2
Name Policies: Assumptions!$B$3
Name Term: Assumptions!$B$6

Sheet Assumptions
A1: A | B1: B
A2: Issue Age | B2: 40
A3: Policies | B3: 1000
A4: Death Benefit | B4: 100000
A5: Interest Rate | B5: 0.03
A6: Term | B6: 20

Sheet Mortality Table
A1: Age | B1: Male_qx | C1: Male_lx | D1: Male_ex | E1: Female_qx | F1: Female_lx | G1: Female_ex
A2: 0 | B2: 0.006064 | C2: 100000 | D2: 74.74 | E2: 0.005119 | F2: 100000 | G2: 80.18
A3: 1 | B3: 0.000491 | C3: 99394 | D3: 74.2 | E3: 0.000398 | F3: 99488 | G3: 79.6
A4: 2 | B4: 0.000309 | C4: 99345 | D4: 73.23 | E4: 0.00024 | F4: 99449 | G4: 78.63
A5: 3 | B5: 0.000248 | C5: 99314 | D5: 72.25 | E5: 0.000198 | F5: 99425 | G5: 77.65
A6: 4 | B6: 0.000199 | C6: 99290 | D6: 71.27 | E6: 0.00016 | F6: 99405 | G6: 76.66
A7: 5 | B7: 0.000167 | C7: 99270 | D7: 70.29 | E7: 0.000134 | F7: 99389 | G7: 75.67
A8: 6 | B8: 0.000143 | C8: 99253 | D8: 69.3 | E8: 0.000118 | F8: 99376 | G8: 74.68
A9: 7 | B9: 0.000126 | C9: 99239 | D9: 68.31 | E9: 0.000109 | F9: 99364 | G9: 73.69
A10: 8 | B10: 0.000121 | C10: 99226 | D10: 67.32 | E10: 0.000106 | F10: 99353 | G10: 72.7
A11: 9 | B11: 0.000121 | C11: 99214 | D11: 66.32 | E11: 0.000106 | F11: 99343 | G11: 71.71
A12: 10 | B12: 0.000127 | C12: 99202 | D12: 65.33 | E12: 0.000111 | F12: 99332 | G12: 70.72
A13: 11 | B13: 0.000143 | C13: 99190 | D13: 64.34 | E13: 0.000121 | F13: 99321 | G13: 69.72
... A121: 119 | B121: 1 | C121: 0 | D121: 0.5 | E121: 1 | F121: 0 | G121: 0.5

Sheet Projection
A1: Year | B1: Age | C1: qx | D1: Lives | E1: Deaths | F1: Benefits | G1: PV
A2: 0 | B2: =IssueAge+A2 -> 40 | C2: =_xlfn.XLOOKUP(B2,'Mortality Table'!A:A,'Mortality Table'!B:B) -> 0.003353 | D2: =Policies -> 1000 | E2: =D2*C2 -> 3.353 | F2: =E2*DeathBenefit -> 335300 | G2: =F2/(1+InterestRate)^A2 -> 335300
A3: 1 | B3: =IssueAge+A3 -> 41 | C3: =_xlfn.XLOOKUP(B3,'Mortality Table'!A:A,'Mortality Table'!B:B) -> 0.003499 | D3: =D2*(1-C2) -> 996.647 | E3: =D3*C3 -> 3.4872679 | F3: =E3*DeathBenefit -> 348726.79 | G3: =F3/(1+InterestRate)^A3 -> 338569.69
A4: 2 | B4: =IssueAge+A4 -> 42 | C4: =_xlfn.XLOOKUP(B4,'Mortality Table'!A:A,'Mortality Table'!B:B) -> 0.003642 | D4: =D3*(1-C3) -> 993.15973 | E4: =D4*C4 -> 3.6170877 | F4: =E4*DeathBenefit -> 361708.77 | G4: =F4/(1+InterestRate)^A4 -> 340945.21
A5: 3 | B5: =IssueAge+A5 -> 43 | C5: =_xlfn.XLOOKUP(B5,'Mortality Table'!A:A,'Mortality Table'!B:B) -> 0.003811 | D5: =D4*(1-C4) -> 989.54264 | E5: =D5*C5 -> 3.771147 | F5: =E5*DeathBenefit -> 377114.7 | G5: =F5/(1+InterestRate)^A5 -> 345113.37
A6: 4 | B6: =IssueAge+A6 -> 44 | C6: =_xlfn.XLOOKUP(B6,'Mortality Table'!A:A,'Mortality Table'!B:B) -> 0.003996 | D6: =D5*(1-C5) -> 985.7715 | E6: =D6*C6 -> 3.9391429 | F6: =E6*DeathBenefit -> 393914.29 | G6: =F6/(1+InterestRate)^A6 -> 349987.74
A7: 5 | B7: =IssueAge+A7 -> 45 | C7: =_xlfn.XLOOKUP(B7,'Mortality Table'!A:A,'Mortality Table'!B:B) -> 0.004175 | D7: =D6*(1-C6) -> 981.83235 | E7: =D7*C7 -> 4.0991501 | F7: =E7*DeathBenefit -> 409915.01 | G7: =F7/(1+InterestRate)^A7 -> 353596.29
A8: 6 | B8: =IssueAge+A8 -> 46 | C8: =_xlfn.XLOOKUP(B8,'Mortality Table'!A:A,'Mortality Table'!B:B) -> 0.004388 | D8: =D7*(1-C7) -> 977.7332 | E8: =D8*C8 -> 4.2902933 | F8: =E8*DeathBenefit -> 429029.33 | G8: =F8/(1+InterestRate)^A8 -> 359305.31
A9: 7 | B9: =IssueAge+A9 -> 47 | C9: =_xlfn.XLOOKUP(B9,'Mortality Table'!A:A,'Mortality Table'!B:B) -> 0.004666 | D9: =D8*(1-C8) -> 973.44291 | E9: =D9*C9 -> 4.5420846 | F9: =E9*DeathBenefit -> 454208.46 | G9: =F9/(1+InterestRate)^A9 -> 369313.05
A10: 8 | B10: =IssueAge+A10 -> 48 | C10: =_xlfn.XLOOKUP(B10,'Mortality Table'!A:A,'Mortality Table'!B:B) -> 0.004973 | D10: =D9*(1-C9) -> 968.90083 | E10: =D10*C10 -> 4.8183438 | F10: =E10*DeathBenefit -> 481834.38 | G10: =F10/(1+InterestRate)^A10 -> 380364.51
A11: 9 | B11: =IssueAge+A11 -> 49 | C11: =_xlfn.XLOOKUP(B11,'Mortality Table'!A:A,'Mortality Table'!B:B) -> 0.005305 | D11: =D10*(1-C10) -> 964.08248 | E11: =D11*C11 -> 5.1144576 | F11: =E11*DeathBenefit -> 511445.76 | G11: =F11/(1+InterestRate)^A11 -> 391980.59
A12: 10 | B12: =IssueAge+A12 -> 50 | C12: =_xlfn.XLOOKUP(B12,'Mortality Table'!A:A,'Mortality Table'!B:B) -> 0.005666 | D12: =D11*(1-C11) -> 958.96803 | E12: =D12*C12 -> 5.4335128 | F12: =E12*DeathBenefit -> 543351.28 | G12: =F12/(1+InterestRate)^A12 -> 404304.38
A13: 11 | B13: =IssueAge+A13 -> 51 | C13: =_xlfn.XLOOKUP(B13,'Mortality Table'!A:A,'Mortality Table'!B:B) -> 0.006069 | D13: =D12*(1-C12) -> 953.53451 | E13: =D13*C13 -> 5.787001 | F13: =E13*DeathBenefit -> 578700.1 | G13: =F13/(1+InterestRate)^A13 -> 418065.26
A14: 12 | B14: =IssueAge+A14 -> 52 | C14: =_xlfn.XLOOKUP(B14,'Mortality Table'!A:A,'Mortality Table'!B:B) -> 0.006539 | D14: =D13*(1-C13) -> 947.74751 | E14: =D14*C14 -> 6.197321 | F14: =E14*DeathBenefit -> 619732.1 | G14: =F14/(1+InterestRate)^A14 -> 434667.62
... A22: 20 | B22: =IssueAge+A22 -> 60 | C22: =_xlfn.XLOOKUP(B22,'Mortality Table'!A:A,'Mortality Table'!B:B) -> 0.012458 | D22: =D21*(1-C21) -> 882.74608 | E22: =D22*C22 -> 10.997251 | F22: =E22*DeathBenefit -> 1099725.1 | G22: =F22/(1+InterestRate)^A22 -> 608891.11

Sheet Sensitivity
A1: Interest Rate | B1: Liability
A2: 0.02 | B2: 8742321
A3: 0.03 | B3: 8460942
A4: 0.04 | B4: 8193114
A5: 0.05 | B5: 7938552

Sheet Dashboard
A1: Metric | B1: Value
A2: Policies | B2: =Policies -> 1000
A3: Issue Age | B3: =IssueAge -> 40
A4: Death Benefit | B4: =DeathBenefit -> 100000
A5: PV Liability | B5: 8460942
